"","file_name","Rob_protocol","Rob_question","Rob_inexclusioncriteria","Rob_search","Rob_date","Rob_string","Rob_rob","Rob_guidelines","Rob_metaanalysis","Rob_flowchart","Rob_coi","Rob_deviations","Rob_extraction"
"1","html/Abdolmaleki_2022_Cell.html","0","1","1","1","1","1","1","1","1","1","1","0","1"
"2","html/Abraham_2022_unraveling.html","0","1","1","1","1","1","1","1","0","1","0","0","0"
"3","html/Agrawal-2017-Impactofhighironintakeoncog.html","0","1","1","1","1","0","1","1","1","1","1","0","1"
"4","html/Ahmed_2022_Effects.html","0","1","1","1","1","1","1","1","1","1","1","0","1"
"5","html/Aiyede_2023_A.html","1","1","1","1","1","1","1","1","1","1","0","0","1"
"6","html/Akhtar_2009_Animal.html","0","1","1","1","0","1","1","0","0","1","0","0","0"
"7","html/Akter_2020_The.html","0","1","1","1","1","1","1","1","1","1","1","0","1"
"8","html/Al-Nasser-2022-IsL-GlutamateToxictoNeurons.html","0","1","1","1","1","0","1","1","0","1","1","0","0"
"9","html/Alavi_2021_Extracorporeal.html","0","1","1","1","0","1","1","1","1","1","1","0","1"
"10","html/Alcantara_2018_Post.html","0","1","1","1","1","1","1","0","0","1","1","0","1"
"11","html/Alcaro_2010_Is.html","0","1","1","1","1","1","0","0","1","0","0","0","0"
"12","html/Alexander-2021-Effectsofchemotherapyforacu.html","0","1","1","1","0","0","0","1","0","0","0","0","0"
"13","html/Aliena-Valero-2021-Effectofuricacidinanim.html","0","1","1","1","1","1","1","1","1","1","1","0","1"
"14","html/Alkabie_2016_The.html","1","1","1","1","1","1","1","1","1","1","1","0","1"
"15","html/Allanach-2022-Currentstatusofneuroprotectiv.html","0","1","1","1","1","1","1","1","0","1","1","0","1"
"16","html/Alpdogan-2022-Meta-reviewonPerforationModel.html","1","1","1","1","1","1","0","1","1","1","1","0","1"
"17","html/Alvarenga-2021-Asystematicreviewofgenomic.html","0","1","1","1","1","1","0","1","0","0","1","0","0"
"18","html/Aly-2021-Targetingtheendocannabinoidsystem.html","0","1","1","1","1","1","1","1","0","0","0","0","0"
"19","html/Amarasingh-2009-Whatisthetranslationaleffi.html","0","1","1","1","1","0","1","1","1","0","0","0","0"
"20","html/Andelius-2022-Remoteischemicpostconditioning.html","1","1","1","1","1","1","1","1","1","1","1","0","1"
"21","html/Andersen_2022_Prenatal.html","0","1","1","1","1","1","1","1","1","1","1","0","1"
"22","html/Andrade_2016_Use.html","0","1","1","1","1","0","1","1","1","1","0","0","0"
"23","html/Angius-2012-Asystematicreviewofanimalmode.html","0","1","1","1","1","1","0","0","0","0","0","0","1"
"24","html/Angoorani-2022-IsThereAnyLinkbetweenCogni.html","0","1","1","1","1","0","0","0","0","1","1","0","1"
"25","html/Antonic-2013-StemCellTransplantationinTrau.html","0","1","1","1","1","1","1","1","1","1","1","0","1"
"26","html/Anvari-2020-SeroprevalenceofNeosporacaninum.html","1","1","1","1","1","1","1","1","1","1","1","0","1"
"27","html/Archambault-2017-Therapeuticpotentialofmese.html","0","1","1","1","1","0","1","1","1","1","1","0","1"
"28","html/Archer-2017-AnestheticNeuroprotectioninExpe.html","0","1","1","1","1","1","1","1","1","0","1","0","1"
"29","html/ArenalesArauz-2022-PotentialofWhole-BodyVi.html","1","1","1","1","1","1","1","1","1","1","1","0","1"
"30","html/Arida_2021_The.html","1","1","1","1","1","1","1","1","1","1","1","0","1"
"31","html/Asadi-Pooya_2021_Smart.html","0","1","1","1","1","1","1","1","0","1","1","0","1"
"32","html/Asadi-Pooya_2022_Caffeinated.html","0","1","1","1","1","1","0","1","0","1","0","0","0"
"33","html/Askarian-Amiri-2022-TheefficacyofGABAergic.html","0","1","1","1","1","1","1","1","1","1","1","0","1"
"34","html/Assis_2020_Respiratory.html","0","1","1","0","1","1","0","1","0","1","1","0","0"
"35","html/Atagün_2022_A.html","0","1","1","1","1","1","0","1","0","1","1","0","0"
"36","html/Auboire-2018-Microbubblescombinedwithultras.html","0","1","1","1","1","1","1","1","0","1","1","0","0"
"37","html/Auditeau_2019_Herbal.html","0","1","1","1","1","1","1","0","0","1","1","0","0"
"38","html/Austin_2014_Aerobic.html","0","1","1","1","1","1","0","1","0","0","0","0","1"
"39","html/Ayar-2022-Theeffectoflow-levellasertherap.html","0","1","1","1","1","1","1","1","1","1","1","0","0"
"40","html/Azizi-2022-Neuroprotectiveeffectsofcarvacro.html","0","1","1","1","1","1","0","0","0","0","1","0","0"
"41","html/Babacic-2019-CRISPR-casgene-editingasplausi.html","0","1","1","1","1","1","1","1","0","1","1","0","1"
"42","html/Bachstetter_2020_The.html","0","1","1","1","0","1","1","1","0","1","1","0","0"
"43","html/Badihian_2020_Transcriptional.html","1","1","1","1","1","1","1","1","0","1","1","0","1"
"44","html/Bahmad-2020-RoleofMicroRNAsinAnesthesia-In.html","0","1","1","1","1","1","1","1","0","1","1","0","1"
"45","html/Bahouth-2018-Primarydehydrationandacutes.html","0","1","1","1","1","0","1","1","0","0","1","0","0"
"46","html/Bahr-2019-Theeffectsofvariousessentialoil.html","0","1","1","1","1","1","0","0","0","0","0","0","0"
"47","html/Bailey_2011_Is.html","0","1","1","1","1","0","0","1","0","0","1","0","0"
"48","html/Bakhsheshian-2021-Investigatingthebloodspin.html","1","1","1","1","1","0","0","0","0","1","1","0","0"
"49","html/Balthazar_2021_The.html","1","1","1","1","1","1","1","1","0","1","1","0","1"
"50","html/Baron_2022_Renin.html","1","1","1","1","1","0","1","1","1","1","0","0","1"
"51","html/Bartholomew_2016_Clinical.html","0","1","1","1","0","1","0","1","1","1","0","0","0"
"52","html/Baryan_2012_Systematic.html","0","1","1","1","1","1","1","1","1","0","0","0","1"
"53","html/Bastiancich_2021_Does.html","0","1","1","1","1","1","1","1","1","1","1","0","0"
"54","html/Bastianini_2019_Post-sigh.html","0","1","1","1","1","1","0","1","0","1","1","0","0"
"55","html/Batchelor-2013-Meta-AnalysisofPre-ClinicalS.html","0","1","1","1","1","1","1","1","1","1","1","0","1"
"56","html/Batchelor-2013-SystematicReviewandMeta-Anal.html","0","1","1","1","1","1","1","1","1","1","1","0","0"
"57","html/Bath-2009-EffectsofNXY-059inexperimentals.html","0","1","1","1","1","0","1","0","1","1","0","0","0"
"58","html/Baxter-2001-Oppositerelationshipofhippocamp.html","0","1","1","1","0","0","0","0","0","0","0","0","0"
"59","html/Bay-Richter_2022_Antidepressant.html","0","1","1","1","1","1","0","1","0","1","1","0","1"
"60","html/Beard_2019_The.html","0","1","1","1","1","1","1","1","1","0","1","0","1"
"61","html/Becker-2016-Femaleratsarenotmorevariable.html","0","1","1","1","1","1","0","0","0","0","1","0","0"
"62","html/Belgers-2016-Ibogaineandaddictionintheani.html","0","1","1","1","1","1","1","1","1","1","1","0","1"
"63","html/Beuker-2021-ImmuneCellInfiltrationintothe.html","1","1","1","1","1","1","1","1","1","0","1","0","1"
"64","html/Bharucha-2022-MousemodelsofJapaneseencepha.html","0","1","1","0","1","0","1","1","1","1","1","0","1"
"65","html/Bhatti-2021-Systematicreviewoftheimpactof.html","1","1","1","1","1","1","1","1","1","1","1","0","1"
"66","html/Bhatti_2018_Systematic.html","0","1","1","1","1","1","1","1","1","1","1","0","1"
"67","html/Blais-2021-Probioticandcommensalgutmicrobi.html","1","1","1","1","1","1","1","0","0","0","1","0","1"
"68","html/Bobbo-2019-Interleukin-6expressionbyhypotha.html","1","1","1","1","1","1","1","1","0","1","1","0","0"
"69","html/Boccardi-2016-VitaminEfamily_Roleinthepa.html","0","1","1","1","0","1","0","0","0","0","1","0","0"
"70","html/Bodnar-2019-ASystematicReviewofClosedHead.html","0","1","1","1","1","1","1","1","0","1","0","0","0"
"71","html/Botteri-2008-Cerebralbloodflowthresholdsfo.html","0","1","1","1","1","1","1","0","0","1","0","0","1"
"72","html/Bourne-2017-Whole-eyetransplantation_alook.html","0","1","1","0","1","0","0","0","0","0","1","0","0"
"73","html/Broeren-2021-Nerverecoveryfromtreatmentwit.html","1","1","1","1","1","1","1","1","1","1","1","0","1"
"74","html/Brunoni_2011_Noncellular.html","0","1","1","1","0","1","1","1","1","1","1","0","1"
"75","html/Bruschettini_2022_The.html","1","1","1","1","1","0","1","1","1","1","1","0","1"
"76","html/Buenhombre_2021_Different.html","0","1","1","1","1","1","1","1","0","1","1","0","1"
"77","html/Burek-2021-Long-terminflammatorypaindoesno.html","1","1","1","1","1","1","1","0","1","0","1","0","1"
"78","html/Cadotte-2011-Spinalcordinjury_Asystematic.html","0","1","1","1","1","0","1","0","0","0","0","0","0"
"79","html/Calcia-2016-Stressandneuroinflammation_Asy.html","0","1","1","1","1","0","0","0","0","0","1","0","0"
"80","html/Caldieraro_2019_Transcranial.html","0","1","1","1","1","1","1","1","0","1","1","0","0"
"81","html/CamargoMaluf-2019-AnalysisoftheRelationshi.html","0","1","1","0","1","0","0","0","0","1","1","0","0"
"82","html/Cao-2021-Novelandknowntranscriptionaltarge.html","0","1","1","0","1","1","1","0","0","0","1","0","0"
"83","html/Cao-2022-Transcriptionaltargetsofamyotrophi.html","0","1","1","0","1","1","1","1","0","0","1","0","0"
"84","html/Cardoso_2022_Beneficial.html","0","1","1","1","1","1","1","1","0","1","1","0","1"
"85","html/Cardoso_2022_Photobiomodulation.html","0","1","1","1","1","1","1","1","0","0","1","0","1"
"86","html/Carneiro-2022-Ameta-analysisoftheeffectof.html","1","1","1","1","1","0","1","1","1","1","1","0","1"
"87","html/Carneiro_2022_Serotonergic.html","0","1","1","1","1","1","1","1","0","1","1","0","1"
"88","html/Castrellon-2021-Dopaminergicmodulationofrew.html","1","1","1","1","1","1","0","1","1","1","1","0","0"
"89","html/Castro_2015_Effect.html","0","1","1","1","1","1","0","0","0","0","0","0","1"
"90","html/Caterino-2022-CanineSeventhLumbarVertebraF.html","0","1","1","1","1","1","1","1","1","1","1","0","1"
"91","html/Cavaleiro-2020-MemoryandCognition-RelatedNe.html","0","1","1","0","1","0","0","1","0","1","1","0","0"
"92","html/Chaliha-2021-Asystematicreviewofthemdmam.html","0","1","1","1","1","1","1","1","0","0","1","1","0"
"93","html/Chan_2021_The.html","1","1","1","1","1","1","1","1","1","1","0","0","1"
"94","html/Chan_2021_The_2.html","1","1","1","1","1","1","1","1","1","1","0","0","1"
"95","html/Charalambous-2014-Treatmentincanineepilepsy.html","0","1","1","1","1","1","1","1","0","0","1","0","1"
"96","html/Charalambous-2016-Antiepilepticdrugs'tolerab.html","0","1","1","1","1","1","1","1","1","0","1","0","1"
"97","html/Charalambous-2018-Systematicreviewofantiepi.html","0","1","1","1","1","1","1","1","0","1","1","0","0"
"98","html/Chau_2014_Timing.html","0","1","1","1","1","1","0","0","1","0","1","0","0"
"99","html/Chen-2019-Borneolforregulatingthepermeabil.html","0","1","1","1","1","1","1","0","1","1","1","0","0"
"100","html/Chen-2021-EffectofMetforminonLocomotorFun.html","0","1","1","1","1","1","1","1","1","1","1","0","1"
"101","html/Chen-2023-Methodologicalandreportingquality.html","0","1","1","1","1","0","1","0","0","1","1","0","1"
"102","html/Chen_2019_Neuroprotective.html","0","1","1","1","1","1","1","1","0","1","1","0","0"
"103","html/Chen_2019_Resveratrol.html","0","1","1","1","0","1","1","1","0","0","1","0","1"
"104","html/Cheng-2019-Dystonin_BPAG1modulatesdiabetesa.html","0","1","1","0","1","0","0","0","1","0","1","0","0"
"105","html/Chilcott-2022-Systematicreviewandmeta-analy.html","0","1","1","1","1","1","1","1","1","1","1","0","0"
"106","html/ChinnaMeyyappa-2020-Effectoffecalmicrobiot.html","1","1","1","1","1","1","1","1","0","1","1","0","1"
"107","html/Choe-2018-Theefficacyandunderlyingmechanis.html","0","1","1","0","0","0","1","1","1","1","1","0","0"
"108","html/Chorath-2020-Mesenchymalstemcellsforsensor.html","0","1","1","1","1","1","1","1","1","1","1","0","1"
"109","html/Christidis_2022_Neuroprotective.html","0","1","1","1","1","1","1","1","0","1","1","0","0"
"110","html/Christophe-2020-StatinTherapyinIschemicStr.html","0","1","1","1","1","0","1","0","1","1","1","0","1"
"111","html/Chuinsiri_2021_Exploring.html","1","1","1","1","1","0","1","1","0","1","1","0","1"
"112","html/Cicero_2017_Metals.html","0","1","1","1","1","1","0","0","0","0","1","0","0"
"113","html/Ciuro-2023-AMeta-AnalysisStudyofSOD1-Mutan.html","0","1","1","1","1","1","0","0","0","0","1","0","0"
"114","html/Colizzi_2016_Therapeutic.html","0","1","1","1","1","1","1","1","1","0","1","0","1"
"115","html/Colpo_2019_Stem.html","0","1","1","1","1","1","1","1","0","1","0","0","0"
"116","html/Colpo_2019_Systematic.html","0","1","1","1","1","1","1","1","0","1","1","0","1"
"117","html/Conners_2019_Antipsychotics.html","0","1","1","1","1","1","0","0","0","0","1","0","1"
"118","html/Cossu-2015-Theroleofmifepristoneinmeningi.html","0","1","1","1","1","0","0","0","0","1","1","0","1"
"119","html/Costa-2019-AstragalosideIVsupplementationpr.html","0","1","1","1","0","1","0","0","1","1","1","0","0"
"120","html/Costa-2021-RelationshipofPorphyromonasgingi.html","1","1","1","1","1","1","1","1","0","1","1","0","1"
"121","html/Costa_2017_Supplementation.html","0","1","1","1","0","0","0","0","0","1","1","0","0"
"122","html/Costas-2022-DoNaturallyOccurringAntioxidant.html","0","1","1","1","1","1","0","1","0","1","1","0","0"
"123","html/Craig_2019_A.html","0","1","1","1","0","0","0","1","0","1","0","0","0"
"124","html/Creutzberg-2021-Long-lastingeffectsofprenat.html","0","1","1","1","0","1","1","0","1","1","1","0","1"
"125","html/Croci-2022-Preclinicalandclinicalroleofin.html","0","1","1","1","1","1","0","1","0","1","1","0","1"
"126","html/Cui-2015-Efficacyofdeferoxamineinanimalmo.html","0","1","1","1","1","1","1","1","1","0","1","0","1"
"127","html/Cui_2017_Hyperbaric.html","0","1","1","1","1","0","1","0","1","0","1","0","1"
"128","html/Cunniffe-2021-Systematicapproachtoselecting.html","0","1","1","0","1","0","0","1","0","1","1","0","0"
"129","html/Cupo-2021-Asystematicreviewofneuroimaging.html","0","1","1","1","0","0","1","1","0","1","1","0","0"
"130","html/Curley-2022-Yohimbineasapharmacologicalpro.html","1","1","1","1","0","1","1","1","0","1","1","0","1"
"131","html/Currie-2019-Animalmodelsofchemotherapy-indu.html","1","1","1","1","1","1","1","1","1","1","1","0","1"
"132","html/daCosta-2019-Supplementationwithcurcumalon.html","0","1","1","1","1","1","0","0","0","1","1","0","0"
"133","html/Dahiya_2022_The.html","0","1","1","1","1","1","1","1","1","1","0","0","0"
"134","html/Dal-Pizzol-2021-WhatAnimalModelsCanTellUs.html","0","1","1","1","1","0","1","0","0","0","1","0","1"
"135","html/Daldegan-Bueno-2022-Co-exposureofcannabinoid.html","0","1","1","1","1","1","1","0","1","1","1","0","1"
"136","html/Dalgas-2012-Exerciseanddiseaseprogressioni.html","0","1","1","1","1","0","0","0","0","1","1","0","0"
"137","html/Dang_2021_Efficacy.html","1","1","1","1","1","1","1","1","1","1","1","0","1"
"138","html/Daniele_2020_Exercise.html","0","1","1","1","1","1","1","1","1","1","1","0","1"
"139","html/Das-2020-Meta-analysisofmousetranscriptomic.html","0","1","1","0","0","0","0","0","1","1","1","0","0"
"140","html/Davis-2016-Systematicreviewandstratifiedme.html","0","1","1","1","1","1","1","1","1","1","1","0","1"
"141","html/deJonge-2019-Feverworsensoutcomesinanimal.html","0","1","1","1","1","1","0","1","1","1","1","0","1"
"142","html/DeRisio-2020-Recoveringfromdepressionwith.html","1","1","1","1","0","1","1","1","1","1","1","0","0"
"143","html/DeSousa-2021-Physicalexerciseprotocolsina.html","0","1","1","0","1","1","1","0","0","1","1","0","0"
"144","html/deSousaMacedo-2022-Curcuminforattention-de.html","0","1","1","0","1","0","0","0","0","1","1","0","0"
"145","html/Deepika_2020_An.html","0","1","1","1","1","1","0","0","1","0","1","0","0"
"146","html/Deleonibus_2021_A.html","0","1","1","1","0","1","0","1","0","1","1","0","0"
"147","html/Deng_2022_Experimental.html","1","1","1","1","1","1","1","1","1","1","1","0","0"
"148","html/Deng_2022_Therapeutic.html","1","1","1","1","1","1","1","1","1","1","1","0","1"
"149","html/Derbyshire-2020-Choline,neurologicaldevelopm.html","0","1","1","1","1","1","1","1","0","0","0","0","0"
"150","html/Derks_2017_Effects.html","0","1","1","1","1","1","1","0","1","0","0","0","0"
"151","html/Devasahayam-2017-Theeffectsofaerobicexerci.html","0","1","1","1","1","1","1","1","1","1","1","0","1"
"152","html/Devlin-2022-ASystematicReviewofInflammator.html","0","1","1","1","1","0","0","1","0","1","1","0","1"
"153","html/Dias_2022_Fluid.html","0","1","1","1","1","1","0","1","0","1","1","0","1"
"154","html/Disma_2016_A.html","0","1","1","1","1","0","0","1","0","0","1","0","1"
"155","html/DoCarmoNeto-2022-NeuroprotectiveTreatments.html","1","1","1","1","1","1","1","1","0","1","1","0","1"
"156","html/Dodson_2019_Intracranial.html","0","1","1","1","1","0","0","1","0","1","1","0","1"
"157","html/Dolgorukova-2022-Meta-analysisoftheeffects.html","1","1","1","1","1","1","1","1","1","1","1","0","1"
"158","html/Dong-2016-Recombinanttissueplasminogenactiv.html","0","1","1","1","1","0","1","1","1","1","1","0","1"
"159","html/Dorman-2018-Polybrominateddiphenylether(PBD.html","1","1","1","1","1","0","1","1","1","0","0","0","1"
"160","html/dosAnjosRosár-2022-Theinfluenceofsexand.html","0","1","1","1","1","1","1","1","1","1","1","0","0"
"161","html/dosSantos-2022-NeuroprotectiveEffectsofRes.html","1","1","1","1","1","1","1","1","1","0","1","0","1"
"162","html/Dreikorn_2018_Immunotherapy.html","0","1","1","1","1","1","1","1","1","1","1","0","1"
"163","html/Du_2022_Preclinical.html","0","1","1","1","1","1","1","1","1","0","1","0","1"
"164","html/Dugas_2020_Cell.html","0","1","1","1","1","1","0","1","0","1","1","0","1"
"165","html/Dumitrascu-2016-Stillcoolingafterallthese.html","0","1","1","0","1","0","1","0","1","0","1","0","0"
"166","html/Duque-Quintero_2022_Enduring.html","1","1","1","1","1","1","1","1","1","1","1","0","1"
"167","html/Durán-Carabali-2022-Effectofenvironmentalen.html","1","1","1","1","1","1","1","1","1","1","1","0","1"
"168","html/Durán-Carabali_2023_Protective.html","1","1","1","1","1","1","1","1","1","1","1","0","1"
"169","html/Duran_2022_Major.html","0","1","1","0","1","0","0","0","0","0","0","0","0"
"170","html/Durg-2015-Withaniasomnifera(Ashwagandha)in.html","0","1","1","1","1","1","0","1","1","0","1","0","0"
"171","html/Dutcher-2020-Early-lifestressandinflammatio.html","0","1","1","0","0","0","1","0","0","0","1","0","0"
"172","html/Dylla_2022_Sex.html","0","1","1","1","1","1","1","1","1","1","1","0","1"
"173","html/Egan_2014_Exercise.html","0","1","1","1","1","0","1","1","1","0","1","0","0"
"174","html/Egan_2016_From.html","0","1","1","1","1","1","1","1","1","1","1","0","1"
"175","html/Ekert_2018_TNF.html","0","1","1","1","1","0","1","1","0","1","1","0","0"
"176","html/ElBakly_2019_The.html","0","1","1","1","0","1","1","1","1","1","1","0","1"
"177","html/Elliott_2019_Metaanalysis.html","0","1","1","0","1","1","1","1","0","1","1","0","0"
"178","html/Elliott_2020_Therapeutic.html","0","1","1","1","1","0","1","1","1","1","1","0","1"
"179","html/Elma_2022_Diet.html","1","1","1","1","1","1","1","1","1","1","1","0","1"
"180","html/England_2009_Granulocyte.html","0","1","1","1","1","1","1","1","1","0","0","0","1"
"181","html/England_2015_Cannabinoids.html","0","1","1","1","1","1","1","0","1","0","1","0","0"
"182","html/Erber_2020_The.html","0","1","1","1","1","1","1","1","0","1","1","0","0"
"183","html/Erbil_2019_GLP1.html","0","1","1","1","1","1","1","1","1","1","1","0","1"
"184","html/Escelsior_2020_Redhot.html","0","1","1","1","1","0","0","1","0","1","1","0","1"
"185","html/Fahed-2016-Testingflowdiversioninanimalmo.html","0","1","1","1","1","1","0","1","0","1","1","0","1"
"186","html/Fahed-2017-Flowdiversion_whatcanclinicians.html","0","1","1","1","1","1","1","1","0","1","1","0","1"
"187","html/Fan_2022_Systematic.html","0","1","1","0","1","0","0","1","0","0","0","0","0"
"188","html/Farajdokht-2020-Serotonergicsystemmodulation.html","0","1","1","1","1","1","1","1","0","1","1","0","1"
"189","html/Faridaalee-2019-SerumandCerebrospinalFluid.html","0","1","1","1","1","1","1","1","1","1","1","0","1"
"190","html/Favie_2018_Nitric.html","0","1","1","1","1","1","1","0","0","1","1","0","1"
"191","html/Feng-2016-NinetraditionalChineseherbalform.html","0","1","1","1","1","1","1","0","0","0","0","0","0"
"192","html/Fernandes-2021-Essentialoilsinexperimental.html","0","1","1","1","1","1","1","1","1","1","1","0","0"
"193","html/Fernández-Beltr-2021-ATranscriptomicMeta-Ana.html","0","1","1","1","1","0","0","0","0","0","1","0","0"
"194","html/Ferreira_2021_The.html","1","1","1","1","1","0","1","1","0","1","0","0","1"
"195","html/Fliegel-2013-Ethanol-inducedalterationsofam.html","0","1","1","1","0","1","0","0","1","0","1","0","0"
"196","html/Floyd_2020_Hypoxia.html","0","1","1","1","1","0","0","0","0","1","1","0","0"
"197","html/Flynn_2017_Alpha.html","0","1","1","1","1","1","0","1","1","1","1","0","1"
"198","html/Fond_2012_Antipsychotic.html","0","1","1","1","1","0","0","1","0","1","0","0","1"
"199","html/Fonseca-Rodrigues_2021_Emotional.html","0","1","1","1","1","1","1","1","0","1","1","0","1"
"200","html/Forero-2021-FunctionalGenomicsofEpileptogen.html","0","1","1","0","1","0","0","1","1","0","1","0","0"
"201","html/Franconi-2013-Asystematicreviewofexperimen.html","0","1","1","1","1","1","1","0","0","0","1","0","1"
"202","html/Frank-2008-Cocaine-induceddopamineoverfloww.html","0","1","1","0","0","1","1","0","1","0","0","0","0"
"203","html/Freeze_2018_Bloodbrain.html","0","1","1","1","1","1","1","1","1","1","1","0","0"
"204","html/Fritze_2017_Adaptive.html","0","1","1","1","0","1","0","0","0","0","1","0","0"
"205","html/Froese-2020-CerebrovascularResponsetoPhenyl.html","0","1","1","1","1","1","0","1","1","1","0","0","1"
"206","html/Fu_2020_Kaixinsan.html","0","1","1","1","1","1","1","1","1","1","1","0","1"
"207","html/Fu_2022_Neuropharmacological.html","0","1","1","1","1","1","1","1","1","1","1","0","1"
"208","html/Fullerton-2022-Systematicreview_Association.html","0","1","1","1","1","1","1","1","0","0","1","0","0"
"209","html/Furlan_2021_Insights.html","0","1","1","1","1","0","1","0","0","1","1","0","0"
"210","html/Gadgil-2019-Asystematicsummaryandcompariso.html","0","1","1","1","1","1","1","1","0","1","1","0","1"
"211","html/Gainotti_2022_Hemispheric.html","0","1","1","1","1","1","1","1","0","1","0","0","0"
"212","html/Gambardella_2021_Systematic.html","1","1","1","1","1","1","1","1","1","1","1","0","1"
"213","html/Gámiz-2021-ASystematicReviewoftheDietary.html","0","1","1","1","1","1","0","1","0","1","1","0","0"
"214","html/García-Cruz-2022-Tissueandcell-specificwhol.html","0","1","1","1","1","0","0","0","1","0","1","0","0"
"215","html/Garcia-Reyero_2011_Conserved.html","0","1","1","0","1","0","0","0","1","0","0","0","0"
"216","html/Gardea-Resendez-2020-DissectingtheEpigenetic.html","0","1","1","1","1","1","1","1","0","1","1","0","1"
"217","html/Ge_2018_Effects.html","0","1","1","1","1","0","1","1","1","1","1","0","1"
"218","html/Geus_2022_Spinal.html","0","1","1","1","1","0","1","0","0","1","1","0","1"
"219","html/Ghazavi-2020-Theroleofresveratrolasanatu.html","0","1","1","1","1","0","0","0","0","0","1","0","0"
"220","html/Giacobbe_2021_A.html","0","1","1","1","1","1","1","1","0","1","1","0","0"
"221","html/Gibson-2008-Progesteroneforthetreatmentof.html","0","1","1","1","1","1","1","0","1","0","0","0","1"
"222","html/Gibson_2006_Estrogens.html","0","1","1","1","1","1","1","0","1","0","0","0","1"
"223","html/Giordano_2021_Neuroinflammation.html","1","1","1","1","1","1","1","1","0","1","1","0","1"
"224","html/Giron-2022-Non-InvasiveBrainStimulationEffe.html","0","1","1","1","1","1","0","1","1","1","1","0","1"
"225","html/Gomes-2023-MolecularMechanismsofZIKV-Induce.html","1","1","1","1","1","1","1","0","1","1","1","0","1"
"226","html/Goncharova-2021-Nutrienteffectsonmotorneur.html","0","1","1","1","1","1","1","0","0","0","1","0","0"
"227","html/Gong-2022-Neurotoxicityoffourfrequentlyuse.html","0","1","1","1","1","1","0","0","0","1","0","0","0"
"228","html/Gonzalez-reyes_2007_Manganese.html","0","1","1","1","1","1","0","0","0","0","0","0","0"
"229","html/Goursaud-2021-DelayedCerebralIschemiaAfter.html","0","1","1","0","1","0","1","1","0","1","1","0","1"
"230","html/Grammatikopoulou_2022_Ketogenic.html","0","1","1","1","1","1","1","1","1","1","1","1","1"
"231","html/Gruenbaum-2019-Branched-ChainAminoAcidsand.html","0","1","1","1","1","1","0","0","0","1","1","0","1"
"232","html/Grüter-2020-SystematicReviewandMeta-analysi.html","1","1","1","1","1","1","1","1","1","1","1","0","1"
"233","html/Grüter-2022-Lumen-orientedversuswall-oriente.html","0","1","1","1","1","1","1","1","0","1","1","0","1"
"234","html/Guido_2022_Sex.html","0","1","1","1","1","1","1","1","1","1","0","0","1"
"235","html/Guijarro-Belmar-2022-Effectivenessofbiomater.html","1","1","1","1","0","0","1","1","1","1","1","0","1"
"236","html/Gundersen-2023-Restraintstressduringneonata.html","0","1","1","0","1","0","0","0","1","0","0","0","0"
"237","html/Gunjur-2022-Poorcorrelationbetweenpreclinic.html","0","1","1","1","1","1","0","1","0","1","1","0","1"
"238","html/Guo-2022-EffectandMechanismsofQuercetinfo.html","1","1","1","1","1","1","1","0","1","1","0","0","0"
"239","html/Gururajan_2022_The.html","0","1","1","0","1","0","0","0","1","0","1","0","0"
"240","html/Haase-2022-Meta-AnalysisIdentifiesBDNFandN.html","0","1","1","1","1","0","0","0","1","0","1","0","0"
"241","html/Haensel-2015-Asystematicreviewofphysiologi.html","0","1","1","1","1","1","0","0","0","0","1","0","0"
"242","html/Haffey-2020-Theregenerativepotentialofther.html","0","1","1","1","0","0","1","1","0","0","0","0","1"
"243","html/Haider-2018-Intracranialpressurechangesafte.html","1","1","1","1","1","1","1","1","0","1","0","0","0"
"244","html/Haighton_2019_Systematic.html","0","1","1","1","1","0","1","0","0","0","1","0","0"
"245","html/Hainsworth_2008_Do.html","0","1","1","1","1","1","0","0","0","0","1","0","1"
"246","html/Hansen-2021-Translationalchallengesofremote.html","0","1","1","1","1","1","1","1","0","1","1","0","1"
"247","html/Hansen_2014_Calcitonin.html","0","1","1","0","1","1","0","1","0","1","1","0","0"
"248","html/Hasan-2016-DefiningOptimalAerobicExerciseP.html","0","1","1","1","1","1","1","0","0","1","1","0","0"
"249","html/Hassannejad-2018-Thefateofneuronsaftertra.html","0","1","1","1","1","1","1","1","1","1","1","0","1"
"250","html/Hassannejad_2019_Axonal.html","0","1","1","1","1","1","1","1","1","1","0","0","0"
"251","html/He-2022-Mesenchymalstemcells-derivedtherapi.html","0","1","1","1","1","1","1","1","1","1","1","0","1"
"252","html/Heard_2018_Repurposing.html","1","1","1","1","1","1","1","0","1","0","1","0","1"
"253","html/Heijmans_2021_A.html","0","1","1","1","1","1","1","0","0","1","1","0","1"
"254","html/Helinski-2011-Publicationtrendsinaddiction.html","0","1","1","1","1","1","1","1","0","0","0","0","0"
"255","html/Henderson_2006_Prevention.html","0","1","1","1","1","0","0","0","0","0","0","0","0"
"256","html/Henssen_2020_A.html","0","1","1","1","1","1","0","0","0","1","1","0","1"
"257","html/Hertzsch_2022_Systematic.html","0","1","1","1","1","0","0","1","0","1","1","0","0"
"258","html/Heye-2014-Assessmentofblood-brainbarrierdi.html","0","1","1","1","1","1","0","0","1","1","0","0","1"
"259","html/Highlander_2020_Metaanalysis.html","0","1","1","0","1","0","1","1","0","1","1","0","0"
"260","html/Hirst-2014-Asystematicreviewandmeta-analys.html","0","1","1","1","0","0","1","1","1","0","1","0","1"
"261","html/Hiskens_2019_Modeling.html","0","1","1","1","1","0","1","0","0","0","1","0","0"
"262","html/Ho-2018-CognitivebenefitsofangiotensinIVa.html","0","1","1","1","1","1","1","0","1","0","0","0","0"
"263","html/Holtman-2015-Inductionofacommonmicrogliag.html","0","1","1","0","0","0","1","0","0","0","1","0","0"
"264","html/Hoogland-2015-Systemicinflammationandmicrog.html","0","1","1","1","1","1","1","0","0","0","1","0","1"
"265","html/Hooijmans-2012-Theeffectsoflong-termomega-.html","0","1","1","1","1","1","1","0","1","0","0","0","1"
"266","html/Hordeaux-2020-Adeno-AssociatedVirus-InducedD.html","0","1","1","0","0","0","0","0","0","0","0","0","0"
"267","html/Hortensius_2019_Postnatal.html","0","1","1","1","1","0","1","1","1","1","1","0","1"
"268","html/Hosseini-2019-EffectofvitaminsCandeonre.html","0","1","1","1","1","1","1","1","1","1","1","0","1"
"269","html/Hosseini-2021-ProtectiveEffectsofNicotinami.html","0","1","1","1","1","1","1","1","0","1","1","0","1"
"270","html/Hosseini_2016_The.html","0","1","1","1","1","1","1","1","1","1","1","0","1"
"271","html/Hosseini_2022_The.html","0","1","1","1","1","1","0","1","0","1","1","0","1"
"272","html/Hu-2016-PreclinicalStudiesofStemCellTrans.html","0","1","1","1","1","1","1","1","1","1","1","0","1"
"273","html/Hu_2021_Efficacy.html","0","1","1","1","1","1","1","1","1","0","1","0","1"
"274","html/Hu_2022_A.html","0","1","1","1","1","1","1","1","0","1","1","0","1"
"275","html/Hu_2022_Metaanalysis.html","0","1","1","1","1","1","1","1","1","0","1","0","1"
"276","html/Huang-2016-Asystematicreviewandmeta-analys.html","0","1","1","1","1","1","1","1","1","1","1","0","1"
"277","html/Huang-2018-Intraparenchymalneuralstem_progen.html","0","1","1","1","1","1","1","1","1","1","1","0","0"
"278","html/Huang-2021-PathophysiologyofBrainInjuryand.html","0","1","1","1","1","1","1","1","0","1","1","0","1"
"279","html/Huang_2021_Neuroprotection.html","0","1","1","1","1","1","1","1","1","1","1","0","1"
"280","html/Huang_2022_From.html","1","1","1","1","1","1","1","0","0","1","1","0","0"
"281","html/Hulshof_2022_The.html","1","1","1","1","1","1","0","1","0","1","1","0","0"
"282","html/Hussain-2022-Cognitionenhancingeffectofros.html","0","1","1","1","1","1","1","1","1","1","0","0","1"
"283","html/Iacopetta_2020_Are.html","0","1","1","1","1","1","1","1","0","1","1","0","0"
"284","html/Iljazi-2018-TheRoleofEndothelininthePath.html","0","1","1","1","1","1","0","0","0","1","1","0","0"
"285","html/Ineichen_2020_Magnetic.html","1","1","1","1","1","1","1","1","1","1","1","0","1"
"286","html/infection-by-trypanosoma-cruzi-in-the-central-nervous-system-in-non-human-mammals-a-systematic-review.html","0","1","1","1","1","1","1","1","0","1","1","0","0"
"287","html/Ingberg-2015-Elevatedbodyswingtestafterfo.html","0","1","1","1","1","1","0","0","0","1","1","0","0"
"288","html/Iqbal-2019-EffectofExerciseInterventionson.html","0","1","1","1","1","0","1","1","1","0","1","0","1"
"289","html/Iqbal_2017_Systematic.html","0","1","1","1","1","0","1","1","1","1","1","0","1"
"290","html/Isla_2021_Efficacy.html","0","1","1","1","1","1","0","1","0","1","1","0","1"
"291","html/Ismail-2020-Safetyandneuroprotectiveefficac.html","1","1","1","1","1","1","1","1","0","1","1","1","1"
"292","html/Ismail-2021-EfficacyofEdiblebirdsneston.html","1","1","1","1","1","1","1","1","1","1","1","0","1"
"293","html/Jaboinski-2015-Exposuretomethylphenidatedur.html","0","1","1","1","1","0","1","0","0","0","1","0","1"
"294","html/Jackson-2017-Preclinicalprogenitorcellthera.html","0","1","1","1","1","0","1","1","1","1","1","0","1"
"295","html/Janssen_2010_An.html","0","1","1","1","1","1","0","1","1","0","1","0","0"
"296","html/Janssen_2013_Exploring.html","0","1","1","1","1","0","1","1","1","0","1","0","0"
"297","html/Janzadeh-2022-Neurotoxicityofsilvernanopart.html","0","1","1","1","1","1","1","1","1","1","1","0","1"
"298","html/Javed_2021_Antinociceptive.html","0","1","1","1","1","1","1","1","0","0","1","0","1"
"299","html/Jensen-2014-4-Aminopyridineforsymptomatictr.html","0","1","1","1","1","0","0","1","1","0","1","0","0"
"300","html/Jerndal-2010-Asystematicreviewandmeta-anal.html","0","1","1","1","1","0","0","1","1","0","1","0","1"
"301","html/Jeyachandran_2015_Type.html","0","1","1","1","1","0","1","0","0","0","1","0","0"
"302","html/Jiang_2021_Efficacy.html","0","1","1","1","1","1","1","1","1","1","0","0","1"
"303","html/Johansen_2014_Druginduced.html","0","1","1","1","0","1","0","0","1","0","0","0","0"
"304","html/Joyeux_2018_Safety.html","0","1","1","1","1","0","1","1","0","1","1","0","1"
"305","html/Jue-2018-Asystematicreviewandmeta-analysis.html","0","1","1","1","1","1","1","1","1","0","0","0","0"
"306","html/Juzwik_2019_MicroRNA.html","0","1","1","1","0","1","0","1","0","1","0","0","1"
"307","html/Kahriman-2021-Mouseclosedheadtraumaticbrai.html","0","1","1","1","0","1","1","1","0","0","1","0","0"
"308","html/Kamp-2017-ASystematicandMeta-AnalysisofMo.html","0","1","1","1","1","0","1","1","1","1","1","0","0"
"309","html/Karanfilian_2020_The.html","0","1","1","1","1","0","1","1","0","1","1","0","1"
"310","html/Kashefiolasl_2021_Statins.html","0","1","1","1","1","0","0","1","0","1","1","0","0"
"311","html/Keller_2018_Antidiuretic.html","0","1","1","1","0","1","0","1","1","0","1","0","0"
"312","html/Ker-2009-Beta-2receptorantagonistsfortraum.html","0","1","1","1","1","1","1","1","1","0","1","0","1"
"313","html/Kessi-2021-Calciumchannelopathiesandintelle.html","0","1","1","1","1","0","0","1","0","0","1","0","0"
"314","html/Khan_2022_Neurodegenerative.html","0","1","1","1","1","1","1","0","1","1","1","0","1"
"315","html/Khan_2022_Pre.html","0","1","1","1","1","1","1","0","1","1","1","0","1"
"316","html/Khazaei_2021_Medicinal.html","0","1","1","1","1","1","0","1","0","0","1","0","1"
"317","html/Khorshidi_2021_Resveratrol.html","0","1","1","1","1","0","0","1","1","1","1","0","1"
"318","html/Kim-2015-Meta-analysisoflarge-scaletoxicoge.html","0","1","1","0","1","1","1","0","1","1","1","0","0"
"319","html/Kim-2017-EffectsofHerbalMedicine(GanMaiD.html","0","1","1","0","1","1","0","0","0","1","1","0","0"
"320","html/Kioussis_2021_Targeting.html","1","1","1","1","1","1","1","1","1","0","1","0","1"
"321","html/Ko_2019_Does.html","0","1","1","1","1","0","1","0","1","1","1","0","1"
"322","html/Koh_2018_Chondroitinase.html","0","1","1","1","1","1","1","1","1","1","1","0","1"
"323","html/Kohle_2021_Nerve.html","0","1","1","1","1","1","1","1","1","1","1","0","1"
"324","html/Kokkinou-2018-Theeffectsofketamineondopam.html","0","1","1","0","1","1","1","1","1","1","1","0","0"
"325","html/Kontis_2012_Dopamine.html","0","1","1","0","1","1","1","0","0","0","0","0","0"
"326","html/Korczeniewska_2021_Effects.html","1","1","1","1","1","1","1","1","1","1","1","0","1"
"327","html/Korenblik_2023_Are.html","1","1","1","1","1","1","1","1","1","1","1","0","1"
"328","html/Kraeuter-2020-TheGutMicrobiomeinPsychosis.html","0","1","1","1","1","1","1","1","0","1","1","0","0"
"329","html/Krauer-2017-ZikaVirusInfectionasaCauseof.html","1","1","1","1","1","1","1","1","0","1","1","0","1"
"330","html/Kringe-2020-Qualityandvalidityoflargeanim.html","1","1","1","1","1","1","1","0","0","1","1","0","0"
"331","html/Krishna-2013-Biomaterial-basedinterventionsf.html","0","1","1","1","1","1","0","1","1","0","0","0","1"
"332","html/Kristensen-2018-Faceandpredictivevalidityo.html","0","1","1","1","1","1","0","1","0","0","1","0","0"
"333","html/Kryst-2022-Effectsofchronicfluoxetinetreat.html","1","1","1","1","1","1","1","1","1","1","1","0","1"
"334","html/Kühlmann_2018_Music.html","0","1","1","1","1","1","1","1","1","1","1","0","1"
"335","html/Kuhns-2022-Age-relateddifferencesintheeffe.html","0","1","1","1","1","1","1","1","0","1","1","0","0"
"336","html/Kunpalin-2021-Preclinicalstemcelltherapyin.html","1","1","1","1","1","1","1","1","1","1","1","0","1"
"337","html/Kwon-2021-EfficacyandUnderlyingMechanismof.html","1","1","1","1","1","1","1","1","1","1","1","0","1"
"338","html/Kyriakou_2021_Efficacy.html","0","1","1","1","1","1","1","1","0","1","1","0","0"
"339","html/Kyrtata_2021_A.html","0","1","1","1","1","1","0","1","0","1","1","0","0"
"340","html/Laban-2015-Effectofendothelinreceptorantag.html","0","1","1","1","1","1","1","1","1","1","1","0","1"
"341","html/Lacerda_2022_Metabolic.html","0","1","1","1","1","1","1","1","0","1","0","0","1"
"342","html/Lacroix-fralish_2011_Patterns.html","0","1","1","1","1","0","0","0","0","0","1","0","0"
"343","html/Lai-2020-AcupunctureatZusanli(ST36)forExp.html","0","1","1","1","1","1","1","0","0","1","1","0","1"
"344","html/Lai-2022-Meta-AnalysisontheEffectsofElect.html","0","1","1","1","1","0","1","0","1","1","1","0","0"
"345","html/Lalu-2020-FromtheLabtoPatients_aSystemat.html","1","1","1","1","1","1","1","1","1","1","1","0","1"
"346","html/Lambrechts-2021-NonsteroidalAnti-Inflammatory.html","1","1","1","1","1","0","1","1","0","1","1","0","0"
"347","html/Lan_2021_Use.html","0","1","1","1","1","1","1","1","0","1","1","0","1"
"348","html/LaneMoore-2022-TheEffectofAmnioticTissue.html","0","1","1","1","1","1","0","0","1","1","1","0","1"
"349","html/LasCasasLima-2022-Pathophysiologicalrelatio.html","0","1","1","1","1","1","0","1","0","1","0","0","0"
"350","html/Lashkari-2021-Nanoparticlesandnanoformulated.html","0","1","1","1","1","1","1","1","0","1","1","0","1"
"351","html/Lee-2016-Sexdifferencesinacupunctureeffect.html","0","1","1","1","1","1","0","0","0","1","1","0","1"
"352","html/Lee-2022-Progesteroneasaneuroprotectiveage.html","1","1","1","1","1","1","1","0","0","0","1","0","0"
"353","html/Lee_2021_A.html","0","1","1","1","1","0","0","1","0","1","1","0","1"
"354","html/Lehnerer-2022-Mesenchymalstemcelltherapyin.html","1","1","1","1","1","1","1","1","1","1","1","0","1"
"355","html/Leite_2022_Effect.html","1","1","1","1","1","0","1","1","0","1","1","0","1"
"356","html/Leta_2021_Neurogenic.html","0","1","1","1","1","0","1","1","0","1","1","0","0"
"357","html/Leung-2013-Acupunctureimprovescognitivefunc.html","0","1","1","1","1","1","0","0","0","1","0","0","0"
"358","html/Lew-2022-DiscoveryofTherapeuticsTargetingO.html","0","1","1","1","1","1","1","1","0","1","1","0","1"
"359","html/Lewis-2017-Alpha-7nicotinicagonistsforcogn.html","0","1","1","1","1","1","0","0","1","0","0","0","1"
"360","html/Li-2021-Effectivenessandmechanismsofadipos.html","0","1","1","1","1","0","1","0","1","1","1","0","1"
"361","html/Li-2022-Efficacyofstemcelltherapyinanima.html","0","1","1","1","1","1","1","1","1","1","1","0","1"
"362","html/Li_2013_Impact.html","0","1","1","1","1","1","1","0","1","1","0","0","1"
"363","html/Li_2016_Bioactive.html","0","1","1","1","1","1","1","1","0","1","1","0","1"
"364","html/Li_2021_Meta-Analysis.html","0","1","1","0","1","0","0","0","1","0","1","0","0"
"365","html/Li_2021_Preclinical.html","0","1","1","1","1","1","1","1","1","1","1","0","1"
"366","html/Li_2021_Progress.html","0","1","1","1","1","1","1","0","1","1","1","0","1"
"367","html/Li_2022_Efficacy.html","0","1","1","1","1","1","1","1","1","0","1","0","1"
"368","html/Liang-2021-Preclinicalsystematicreviewofgi.html","0","1","1","1","1","1","1","0","1","1","1","0","1"
"369","html/Liddle-2020-TranslationalIntracerebralHemorr.html","0","1","1","0","1","0","1","0","0","1","1","0","0"
"370","html/Liddle-2022-AnAmbiguousRoleforFeverinWor.html","0","1","1","0","1","0","1","1","1","1","1","0","0"
"371","html/Liddle_2020_A.html","1","1","1","1","1","0","1","1","1","1","1","0","1"
"372","html/Lima-2021-TheNeurophysiologicalImpactofExp.html","1","1","1","1","1","1","0","1","0","1","1","0","1"
"373","html/Liu-2014-Metaanalysisofolfactoryensheathin.html","0","1","1","1","1","1","0","0","1","0","0","0","0"
"374","html/Liu-2015-ActiveCompoundsofRhubarbRootand.html","0","1","1","1","1","0","1","1","1","1","1","0","1"
"375","html/Liu-2018-Theimportanceofconsideringpolysub.html","0","1","1","1","1","0","0","0","1","0","1","0","0"
"376","html/Liu-2022-Determinationofsignificantparamete.html","0","1","1","1","1","1","1","1","1","1","1","0","0"
"377","html/Liu-2022-Neurotrophicfactorscombinedwithst.html","0","1","1","1","1","1","1","0","1","1","1","0","1"
"378","html/Liu-2023-Doestheregulationofskeletalmuscl.html","0","1","1","1","0","1","1","1","1","1","1","0","1"
"379","html/Liu_2014_Toxic.html","0","1","1","0","1","1","0","0","0","0","1","0","0"
"380","html/Liu_2020_Investigation.html","0","1","1","1","1","1","1","1","1","1","1","0","1"
"381","html/Liu_2021_mTOR.html","0","1","1","1","1","1","1","1","0","1","1","0","1"
"382","html/Lockwood-2017-SystematicReviewofEpigenetic.html","0","1","1","1","1","1","0","1","0","1","1","0","0"
"383","html/Longoria-2022-NeurologicalBenefits,Clinical.html","1","1","1","1","1","1","1","1","1","1","1","0","0"
"384","html/Lu-2022-Abnormalitiesofhippocampusandfront.html","0","1","1","1","1","1","1","1","1","1","1","0","1"
"385","html/Lu-2022-Theoptimaltransplantationstrategyo.html","0","1","1","1","1","1","1","1","1","1","1","0","1"
"386","html/Lughetti_2018_Brainderived.html","0","1","1","1","1","1","1","1","0","1","1","0","1"
"387","html/Lui_2009_A.html","0","1","1","1","1","1","0","0","0","0","0","0","0"
"388","html/Luís_2020_The.html","0","1","1","1","1","1","1","1","1","1","1","0","1"
"389","html/Lumertz-2022-Effectsofearlylifestressonb.html","0","1","1","1","1","1","1","0","1","1","1","0","1"
"390","html/Lund-2022-TheRoleofTumorNecrosisFactorFo.html","1","1","1","1","1","0","0","1","0","1","1","0","0"
"391","html/Luo_2021_Deep.html","0","1","1","1","1","0","0","0","0","0","1","0","0"
"392","html/Luo_2021_Exploring.html","0","1","1","0","1","0","1","1","1","1","1","0","0"
"393","html/Luo_2021_The.html","0","1","1","1","1","0","1","1","1","1","1","1","1"
"394","html/Lv_2021_Probiotics.html","0","1","1","1","1","1","1","1","1","0","0","0","1"
"395","html/Ma-2015-Stemcell-basedtherapiesforintracer.html","0","1","1","1","1","0","1","1","1","0","0","0","1"
"396","html/Ma-2018-PreclinicalEvidenceandMechanismof.html","0","1","1","1","1","0","1","1","1","1","1","0","1"
"397","html/MacDougall-2011-Hyperglycaemiaandinfarctsiz.html","0","1","1","1","1","1","1","1","1","1","1","0","0"
"398","html/Macleod-2005-Systematicreviewandmeta-analys.html","0","1","1","1","1","1","1","1","1","0","0","0","0"
"399","html/Mannerak-2021-Trigeminalneuralgiaandgenetic.html","1","1","1","1","1","1","1","1","0","1","1","0","1"
"400","html/Manns_2021_Paw.html","0","1","1","1","1","0","1","1","1","1","1","0","0"
"401","html/Mao-2022-Validityofchronicrestraintstress.html","0","1","1","1","1","1","0","1","1","1","1","0","1"
"402","html/Marbacher-2019-SystematicReviewofInVivoAn.html","0","1","1","1","1","1","0","1","0","1","1","0","1"
"403","html/Marbacher-2020-Preclinicalextracranialaneury.html","0","1","1","1","1","1","0","1","0","1","1","0","1"
"404","html/MarquesMiranda_2021_Diet.html","0","1","1","1","1","1","1","1","0","1","1","0","0"
"405","html/Marques_2022_The.html","1","1","1","1","1","1","1","1","0","0","1","0","1"
"406","html/Martin_2019_Non-cytotoxic.html","0","1","1","1","0","1","0","1","0","1","1","0","1"
"407","html/Martínez-2017-Genesignatureassociatedwithb.html","0","1","1","1","1","1","0","1","0","1","1","0","0"
"408","html/Maskery-2021-Glucagon-likepeptide-1receptor.html","0","1","1","1","1","1","1","1","0","1","1","0","1"
"409","html/Matesanz-García-2022-EffectofPhysiotherapeut.html","1","1","1","1","1","1","1","1","1","1","1","0","1"
"410","html/Matheson-2022-SexDifferencesintheNeuropsyc.html","0","1","1","1","1","1","0","1","0","1","0","0","1"
"411","html/Matsos_2019_Chemotherapy-induced.html","0","1","1","1","1","1","1","1","0","1","1","0","1"
"412","html/McCann-2016-SystematicReviewandMeta-Analysi.html","0","1","1","1","1","1","1","1","1","0","1","0","1"
"413","html/McClelland-2013-Asystematicreviewoftheeff.html","0","1","1","1","1","1","0","1","0","1","0","0","1"
"414","html/McHenry-2019-InuteroexposuretoHIVand_ora.html","0","1","1","1","1","1","1","1","1","1","1","0","1"
"415","html/Menacho-2021-Currentpracticesandgoalsform.html","0","1","1","0","0","1","0","0","0","0","0","0","0"
"416","html/Mendonça_2022_Effects.html","0","1","1","1","1","0","1","1","0","1","1","0","0"
"417","html/Meola_2018_Gold.html","0","1","1","1","1","0","1","1","1","1","1","0","1"
"418","html/Mervin-2021-Neurochemicalunderpinningofhemo.html","1","1","1","1","1","1","0","0","1","0","1","0","0"
"419","html/Mikkelsen-2022-Non-alcoholicFattyLiverDisea.html","1","1","1","1","1","1","1","0","0","1","1","0","0"
"420","html/Minshull-2016-ASystematicReviewoftheRole.html","0","1","1","1","1","1","1","1","1","1","1","0","1"
"421","html/Mirian_2022_Breached.html","1","1","1","1","1","1","0","1","0","0","1","0","1"
"422","html/Montazeri-2022-Photobiomodulationtherapyinm.html","0","1","1","1","1","1","1","1","0","1","1","0","0"
"423","html/Montazeri_2021_Transcranial.html","0","1","1","1","1","1","0","1","0","1","1","0","0"
"424","html/Morais_2020_Systematic.html","0","1","1","1","1","1","1","0","1","1","1","0","0"
"425","html/Morello-2017-SelectionandPrioritizationofC.html","0","1","1","0","1","0","0","0","1","0","1","0","0"
"426","html/Morosanu-2019-Neurosurgicalcadavericandinv.html","0","1","1","1","0","0","1","1","0","1","1","0","1"
"427","html/Morshedi-2019-Immunomodulatoryandanti-inflam.html","1","1","1","1","0","0","1","1","0","0","1","0","1"
"428","html/Moxon-2019-Theeffectofangiopoietin-1upregu.html","0","1","1","1","1","0","1","1","1","1","1","0","0"
"429","html/Muhammad-2022-Efficacyofstemcellsecretome.html","1","1","1","1","1","1","1","1","1","1","1","0","1"
"430","html/Muroi_2019_Natural.html","0","1","1","1","1","0","0","1","0","1","1","0","0"
"431","html/Murray-2014-Theeffectsofexerciseoncogniti.html","0","1","1","0","1","0","1","1","0","1","1","0","0"
"432","html/Murray-2019-Theroleofone-carbonmetabolism.html","0","1","1","0","0","1","0","0","0","0","0","0","0"
"433","html/Murray_2019_Examining.html","0","1","1","1","1","0","1","1","0","1","1","0","0"
"434","html/Mutter-2010-Doesinorganicmercuryplayarole.html","0","1","1","1","1","1","1","0","0","1","0","0","1"
"435","html/NA_2019_NTP.html","0","1","1","1","1","1","1","1","1","0","1","0","1"
"436","html/Naghashpour-2017-Updateonriboflavinandmult.html","0","1","1","1","1","1","0","0","0","0","1","0","0"
"437","html/Naomi-2022-Probioticsforalzheimersdisease_.html","0","1","1","1","1","1","0","1","0","1","1","0","1"
"438","html/Nardone-2015-NeurostimulationinAlzheimer'sd.html","0","1","1","1","1","1","1","0","1","1","0","0","1"
"439","html/Narmashiri_2022_The.html","0","1","1","1","1","1","1","0","1","1","1","0","0"
"440","html/Nasaruddin-2020-Studyingtherelationshipofi.html","0","1","1","1","1","1","0","0","0","0","1","0","0"
"441","html/Nasre-Nasser-2022-EffectsofProgesteroneonP.html","1","1","1","1","1","1","1","1","1","1","1","0","1"
"442","html/Navarro_Hernandez_2022_Effectiveness.html","0","1","1","1","1","0","0","1","0","1","0","0","0"
"443","html/Neville-2020-Pharmacologicalmanipulationsof.html","0","1","1","1","1","0","1","1","1","1","0","0","1"
"444","html/Newell_2022_Systematic.html","0","1","1","1","1","1","0","1","0","0","1","0","0"
"445","html/Nguyen-2022-Umbilicalcordblood-derivedcell.html","1","1","1","1","1","1","1","1","1","1","1","0","1"
"446","html/Nhu_2021_Effects.html","1","1","1","1","1","1","1","1","0","1","1","0","1"
"447","html/Nichols_2016_Quantitative.html","0","1","1","0","1","0","0","0","0","0","0","0","0"
"448","html/Nielsen_2021_The.html","0","1","1","1","1","1","0","0","0","0","1","0","0"
"449","html/Nieto-Quero-2021-Dochangesinmicroglialstat.html","1","1","1","1","1","1","1","1","0","1","1","0","1"
"450","html/Nigam_2020_Chemotherapy-induced.html","0","1","1","1","1","1","1","1","0","1","1","0","1"
"451","html/Nistor-2017-ASystematicReviewofNeuroprotec.html","1","1","1","1","1","1","1","1","1","1","1","0","1"
"452","html/Nistor-2019-Asystematicreviewofneuroprotec.html","1","1","1","1","1","1","1","1","1","1","1","0","1"
"453","html/Noorimotlagh-2017-Mechanismsofspinalcordin.html","0","1","1","1","1","0","1","1","0","1","1","0","0"
"454","html/Noorlag_2019_Treatment.html","0","1","1","1","1","0","1","1","0","1","1","0","0"
"455","html/Nordmann_2021_5-Aminolevulinic.html","0","1","1","1","1","0","0","1","0","1","1","0","0"
"456","html/Nucci-2015-Stemcellslabeledwithsuperparama.html","0","1","1","1","1","1","0","0","1","1","1","0","1"
"457","html/Nurmasitoh-2021-Toxicsubstance-inducedhippoc.html","0","1","1","1","1","1","0","0","0","1","1","0","0"
"458","html/O'Collins-2011-Preclinicaldrugevaluationfor.html","0","1","1","1","1","0","0","0","1","0","1","0","0"
"459","html/O'Collins-2012-Evaluationofcombinationthera.html","0","1","1","1","1","1","1","0","1","1","1","0","0"
"460","html/O'Collins-2013-Hypertensionandexperimentals.html","0","1","1","1","1","0","1","0","1","0","1","0","0"
"461","html/Oerton-2017-Concordanceanalysisofmicroarray.html","0","1","1","1","1","1","1","0","0","0","1","0","0"
"462","html/Ohmen-2014-Genome-wideassociationstudyfora.html","0","1","1","0","1","0","1","1","1","0","1","0","0"
"463","html/Oka-2020-DelayedCerebralIschemiaAfterSubar.html","0","1","1","0","1","1","0","1","0","0","1","0","0"
"464","html/Olai-2020-Meta-analysisoftargetedtemperatur.html","0","1","1","1","1","1","1","1","1","1","1","0","1"
"465","html/Olasehinde-2022-Hibiscussabdariffa(Roselle).html","0","1","1","1","1","0","0","1","1","1","1","0","1"
"466","html/Olasehinde-2022-NeurotoxicityofPolycyclicAr.html","0","1","1","1","1","1","0","1","0","1","1","0","0"
"467","html/Oliveira_2020_Natural.html","0","1","1","1","1","1","1","1","1","1","1","0","0"
"468","html/Oliveri_2014_Mesenchymal.html","0","1","1","1","1","1","1","0","1","1","1","0","1"
"469","html/Ölmestig_2017_Phosphodiesterase.html","0","1","1","1","1","1","1","1","0","1","1","0","1"
"470","html/Omar_2021_Tannins.html","0","1","1","1","1","1","0","1","0","0","1","0","0"
"471","html/Ongono_2020_Pesticides.html","1","1","1","1","1","1","1","1","0","1","1","0","1"
"472","html/Orsini-2018-Cognitiveimpairmentinneuromuscu.html","0","1","1","1","1","0","0","1","0","0","1","0","1"
"473","html/Ortiz-2022-PotentialofFibrinGlueandMesenc.html","0","1","1","1","1","1","0","1","0","1","1","0","0"
"474","html/Ortiz-Valladares_2021_Neurobiological.html","0","1","1","1","1","1","0","1","0","1","1","0","0"
"475","html/Osgood-2021-Co-expressionnetworkanalysisof.html","0","1","1","1","1","1","1","1","1","1","1","0","1"
"476","html/Palandi_2020_Neuropathic.html","0","1","1","1","1","1","1","1","1","1","1","0","1"
"477","html/Pane_2022_Role.html","1","1","1","1","1","1","1","1","1","1","1","0","1"
"478","html/Pang-2022-Efficacyofmelatoninintermneonat.html","1","1","1","1","1","1","1","1","1","1","1","0","1"
"479","html/Paribello-2022-Melatoninandaggressivebehavi.html","0","1","1","1","1","1","1","1","0","1","1","0","1"
"480","html/Parker-2017-Thedangerzone_Systematicreview.html","0","1","1","0","0","0","0","0","0","0","1","0","0"
"481","html/Pasquinelli-2019-Safetyoftranscranialfocuse.html","0","1","1","1","1","1","1","1","0","1","0","0","0"
"482","html/Patch-2021-TheMore,theBetter_High-DoseOme.html","0","1","1","1","1","1","1","1","1","0","1","0","1"
"483","html/Peng-2014-ImpactofStatinsonCognitiveDefic.html","0","1","1","1","1","1","1","1","1","1","1","0","1"
"484","html/Peng-2015-Systematicreviewandmeta-analysis.html","0","1","1","1","1","1","1","1","1","1","1","0","1"
"485","html/Pereira_2021_Locomotion.html","0","1","1","1","1","1","1","1","1","1","1","0","1"
"486","html/Perel-2007-Comparisonoftreatmenteffectsbet.html","0","1","1","1","1","0","1","1","1","0","1","0","1"
"487","html/Perlman_2021_Parvalbumin.html","0","1","1","1","1","1","0","1","0","0","1","0","0"
"488","html/Pettorruso_2020_Exploring.html","1","1","1","1","1","1","1","1","1","1","1","1","1"
"489","html/Pfannkuche-2009-Doestestosteroneaffectlater.html","0","1","1","0","0","1","0","0","0","0","0","0","0"
"490","html/Phang-2021-Therapeuticrolesofnaturalremedi.html","0","1","1","1","1","1","0","1","0","1","1","0","1"
"491","html/Piancino-2020-Alteredmasticationadverselyim.html","0","1","1","1","1","1","1","1","0","1","1","0","0"
"492","html/Picard-2018-PsychologicalStressandMitochond.html","0","1","1","0","1","0","0","1","0","1","1","0","0"
"493","html/Piri-2021-Macrophagemigrationinhibitoryfact.html","0","1","1","1","1","1","1","1","0","1","1","0","0"
"494","html/Pischiutta-2021-Systematicreviewandmeta-ana.html","1","1","1","1","1","1","1","1","1","1","1","0","1"
"495","html/Ploughman-2015-TheEffectsofPoststrokeAerob.html","0","1","1","1","1","0","0","1","1","1","1","0","1"
"496","html/Ploumis-2010-Asystematicreviewoftheeviden.html","0","1","1","1","1","1","1","1","1","0","1","0","1"
"497","html/Poels-2018-Long-termneurodevelopmentalconseq.html","0","1","1","1","1","1","1","1","1","1","1","0","1"
"498","html/Popesku-2012-Meta-typeanalysisofdopaminergi.html","0","1","1","0","1","0","1","0","0","0","0","0","0"
"499","html/Poulin-Brière_2021_Antibody-Based.html","0","1","1","1","1","1","0","1","0","1","1","0","0"
"500","html/Prakash-2021-TheNeuroprotectiveEffectsofCa.html","0","1","1","1","1","1","1","1","1","1","1","0","0"
"501","html/Probst-2019-ASystematicReviewoftheImpact.html","1","1","1","1","1","1","1","1","0","1","0","0","1"
"502","html/Qin-2018-Inducedpluripotentstemcelltranspl.html","0","1","1","1","1","0","1","1","0","1","1","0","0"
"503","html/Quagliato-2018-Theroleofacid-sensitiveion.html","0","1","1","1","1","1","1","1","1","1","1","0","0"
"504","html/Quagliato-2018-Theroleofconvergentionchan.html","0","1","1","1","1","1","1","1","1","1","1","0","0"
"505","html/Quagliato-2021-Maternalimmuneactivationgene.html","0","1","1","1","1","1","1","1","1","0","1","0","1"
"506","html/Quintana-Pájaro-2018-Theeffectofstatinsin.html","0","1","1","1","1","1","1","1","0","1","1","0","0"
"507","html/Qureshi-2022-EffectofCilostazolinAnimalMo.html","1","1","1","1","1","1","1","1","1","1","1","0","1"
"508","html/Raddatz-2014-Transcriptomicmeta-analysisofm.html","0","1","1","1","1","1","0","1","1","1","1","0","0"
"509","html/Rafiei-2021-ElevatedBrainFattyAcidAmideHy.html","0","1","1","1","1","1","0","1","0","0","1","0","0"
"510","html/Rahman_2020_Effect.html","1","1","1","1","1","1","1","1","1","1","1","0","1"
"511","html/Ramezani_2020_Photobiomodulation.html","0","1","1","1","1","1","1","1","1","0","1","0","1"
"512","html/Ramos_2020_Melatonin's.html","0","1","1","1","1","1","1","1","1","1","1","0","0"
"513","html/Ranasinghe-2015-Zincanddiabetesmellitus_Un.html","0","1","1","1","1","1","0","1","0","0","1","0","1"
"514","html/Ransom-2022-HypothermiaTherapyforTraumatic.html","0","1","1","1","1","0","0","1","1","1","1","0","1"
"515","html/Ranuh-2021-SystematicReviewandMeta-Analysis.html","0","1","1","1","1","1","1","1","0","1","1","0","0"
"516","html/Rauschenbach-2019-Xenograftingfordiseasemod.html","0","1","1","1","1","1","1","1","0","0","1","0","1"
"517","html/Ravinther-2022-MolecularPathwaysInvolvedin.html","0","1","1","1","1","1","0","1","0","1","1","0","1"
"518","html/Raymond_2021_The.html","0","1","1","1","1","1","1","1","0","1","1","1","1"
"519","html/Regner_2018_Preclinical.html","0","1","1","1","1","1","1","0","1","1","1","0","1"
"520","html/Rego-2020-Antiangiogenictargetsforglioblast.html","0","1","1","1","1","1","1","1","1","1","1","0","1"
"521","html/Rendon-2022-StatinsandGliomas_ASystematic.html","0","1","1","1","1","1","1","1","1","1","1","0","1"
"522","html/Repacholi-2012-Systematicreviewofwirelessp.html","0","1","1","1","1","0","1","1","1","0","1","0","0"
"523","html/Reshetnikov-2022-TranscriptomeAlterationsCau.html","0","1","1","1","1","0","1","1","1","1","1","0","1"
"524","html/Restelli_2022_Confocal.html","0","1","1","1","1","1","0","1","1","0","1","0","1"
"525","html/Reuveni-2022-Theantidepressantandanxiolytic.html","1","1","1","1","1","1","1","1","1","1","1","0","1"
"526","html/Rezabakhsh-2022-Dichotomouseffectsofautopha.html","0","1","1","1","1","1","1","0","1","1","1","0","1"
"527","html/Ribeiro-2021-Theimpactofphysicalexerciseo.html","0","1","1","1","1","0","0","1","0","1","1","0","1"
"528","html/Ricciardi-2022-Roleofstemcells-basedinfac.html","0","1","1","1","1","1","0","1","1","1","0","0","1"
"529","html/Rijke_2022_A.html","0","1","1","1","1","1","1","1","0","1","1","0","0"
"530","html/Ripley-2021-NeuroprotectionbyRemoteIschemic.html","1","1","1","1","1","1","1","1","1","1","1","0","1"
"531","html/Rivers-2005-Whathasdiffusionimaginginanim.html","0","1","1","1","1","1","1","0","0","0","0","0","1"
"532","html/Rodini_2022_Accelerated.html","0","1","1","1","1","1","0","1","0","1","1","0","0"
"533","html/Rodriguez-2016-Investigatingthetherapeuticr.html","0","1","1","0","0","1","1","1","0","1","1","0","0"
"534","html/Rogic-2016-Meta-AnalysisofGeneExpressionPa.html","0","1","1","0","0","0","1","0","1","0","0","0","0"
"535","html/Ruiz-Gonzalez_2021_Effects.html","1","1","1","1","1","1","1","1","1","1","1","0","1"
"536","html/Russo_2023_Ambroxol.html","0","1","1","1","1","1","0","0","0","1","1","0","0"
"537","html/Sabrini_2020_Methamphetamine.html","0","1","1","1","1","1","0","0","0","1","1","0","0"
"538","html/Sadigh-Eteghad-2017-D-galactose-inducedbrain.html","0","1","1","1","1","1","1","1","1","0","1","0","1"
"539","html/Salehi-Pourmehr-2020-Stemcelltherapyforneu.html","0","1","1","1","1","1","1","1","1","1","1","0","1"
"540","html/Salehpour-2020-PhotobiomodulationforParkinso.html","0","1","1","1","1","1","0","0","0","1","0","0","1"
"541","html/San-Juan_2015_Transcranial.html","0","1","1","1","1","1","1","1","1","1","0","0","1"
"542","html/Sánchez-Vidana_2019_Molecular.html","0","1","1","1","1","1","0","0","0","1","1","0","1"
"543","html/Sanei_2019_Effect.html","0","1","1","1","1","1","0","1","0","0","1","0","1"
"544","html/Sanfilippo-2014-TheRoleofNeuromuscularBloc.html","0","1","1","1","1","1","1","1","0","1","1","0","1"
"545","html/Santos-2022-High-fatdietpromoteshypothalami.html","0","1","1","1","1","1","1","1","0","1","1","0","0"
"546","html/Sarmiento-2022-Patient-DerivedXenotransplant.html","0","1","1","1","1","1","1","1","0","0","1","0","1"
"547","html/Savigamin-2022-ProbioticasaPotentialGutMi.html","0","1","1","1","1","1","0","1","0","1","1","0","1"
"548","html/Sayadi-2021-Nerveinjuryandrepairinaketog.html","0","1","1","0","1","1","0","1","0","1","1","0","1"
"549","html/Sayehmiri-2022-GutMicrobiotaModificationvia.html","0","1","1","1","1","1","1","1","0","1","1","0","1"
"550","html/Schlaeppi_2022_Electrical.html","0","1","1","1","1","1","1","0","0","1","1","0","0"
"551","html/Schmidt_2015_MiRNAs.html","0","1","1","1","1","0","0","1","0","1","0","0","0"
"552","html/Schmitz-2017-Monoclonalantibodiesinpreclini.html","0","1","1","1","1","0","0","0","0","1","1","0","1"
"553","html/Schreuder_2017_Pathophysiological.html","0","1","1","1","1","1","0","0","0","1","1","0","1"
"554","html/Schroyens-2021-Reactivation-DependentAmnesia.html","1","1","1","1","1","0","0","0","1","0","0","0","0"
"555","html/Scuteri_2021_Efficacy.html","1","1","1","1","1","1","1","1","1","1","1","0","1"
"556","html/Seidler_2022_Intermittent.html","0","1","1","1","1","1","1","1","0","0","1","0","0"
"557","html/Sena-2010-Factorsaffectingtheapparenteffic.html","0","1","1","1","1","1","0","1","1","0","1","0","1"
"558","html/Senders-2017-Agentsforfluorescence-guidedgl.html","0","1","1","1","1","1","0","1","0","1","1","0","1"
"559","html/Serata-2015-Are5-HT3antagonistseffectivein.html","0","1","1","0","0","0","0","0","0","0","1","0","0"
"560","html/Sethi_2023_Hypertension.html","0","1","1","1","1","1","1","1","0","1","1","0","1"
"561","html/Shang_2022_Subacute.html","0","1","1","1","1","1","1","0","1","1","1","0","1"
"562","html/Shang_2022_What.html","0","1","1","1","1","0","1","0","1","1","1","0","1"
"563","html/Sharif-Alhosein-2017-Animalmodelsofspinalc.html","0","1","1","0","1","0","0","1","0","1","1","0","1"
"564","html/Sharif-Alhoseini_2019_Volume.html","0","1","1","1","1","1","1","1","1","1","0","0","1"
"565","html/Sharifi-2022-SustaineddeliveryofchABCimpro.html","0","1","1","1","1","1","1","1","1","1","1","0","0"
"566","html/Sharma_2021_At.html","0","1","1","0","1","1","1","0","0","0","1","0","0"
"567","html/Sheng-2016-Impactof2,3,5,4-tetrahydroxys.html","0","1","1","1","1","0","1","1","1","1","1","0","1"
"568","html/Sheng_2015_The.html","0","1","1","1","1","0","1","1","1","1","1","0","1"
"569","html/Sheng_2018_Efficacy.html","0","1","1","1","1","1","1","1","1","1","1","0","1"
"570","html/Shinjyo_2020_Berberine.html","0","1","1","1","1","1","1","0","0","1","1","0","0"
"571","html/Shirbandi-2021-Cellphoneandwirelessradiati.html","1","1","1","1","1","0","1","1","0","1","1","0","1"
"572","html/Shoji-2018-Relationshipsbetweentheacoustic.html","0","1","1","0","0","0","0","0","0","0","1","0","0"
"573","html/Singh_2022_Perspectives.html","1","1","1","1","1","1","1","1","0","1","1","0","1"
"574","html/Skukan-2022-Lentivirus-orAAV-mediatedgenet.html","0","1","1","1","1","1","1","1","1","1","1","0","1"
"575","html/Smith-2021-Neuralstemcelltreatmentforperi.html","1","1","1","1","1","1","1","1","1","1","1","0","1"
"576","html/Smith_2021_Molecular.html","0","1","1","1","1","1","0","1","0","0","0","0","0"
"577","html/Smits-2012-EZH2-regulatedDAB2IPisamedullob.html","0","1","1","0","1","0","1","0","0","0","0","0","1"
"578","html/Sng-2022-Ginsengextractandginsenosidesimpr.html","0","1","1","1","1","1","1","0","1","1","1","0","1"
"579","html/Soliman-2021-Systematicreviewandmeta-analys.html","1","1","1","1","1","1","1","1","1","1","1","0","0"
"580","html/Song-2017-APreclinicalSystematicReviewofG.html","0","1","1","1","1","1","1","1","1","0","1","0","1"
"581","html/Song_2021_MRI.html","0","1","1","1","1","1","1","1","0","1","1","0","0"
"582","html/Soreq_2012_Meta-analysis.html","0","1","1","0","1","0","0","1","0","0","0","0","0"
"583","html/Srivastav-2018-EmergingroleofmiRNAinatten.html","0","1","1","1","1","1","0","1","0","0","0","0","0"
"584","html/Srivastava-2017-Meta-analysisofmicroRNAsdys.html","0","1","1","1","1","1","0","0","1","0","0","0","0"
"585","html/Stamoula_2021_Antidepressants.html","0","1","1","1","1","1","1","0","0","1","1","0","0"
"586","html/Steinhausen-2016-MultivariateMeta-Analysisof.html","0","1","1","0","1","0","0","0","0","0","1","0","0"
"587","html/Sternak-2022-Theeffectsofsplenectomyinmur.html","1","1","1","1","1","1","1","1","1","1","1","0","1"
"588","html/Stille-2019-Diagnosticaccuracyofflat-panel.html","1","1","1","1","1","1","1","1","0","1","1","0","1"
"589","html/Strange-2020-Preclinicalintracranialaneurysm.html","0","1","1","1","1","1","0","1","0","1","1","0","1"
"590","html/Stroemel-Scheder_2020_The.html","0","1","1","1","1","0","1","1","0","1","1","0","1"
"591","html/Ström-2014-Impactofmethodologyonestrogens'.html","0","1","1","1","1","0","0","0","1","0","1","0","1"
"592","html/Stukalin_2020_Revisiting.html","0","1","1","0","0","1","1","0","1","0","0","0","0"
"593","html/Su_2021_Resveratrol.html","0","1","1","1","1","1","1","0","0","0","1","0","0"
"594","html/Sufianova-2022-Longnon-codingRNAsasbiomark.html","0","1","1","1","1","1","0","1","1","1","1","0","0"
"595","html/Sultan-2018-Asystematicreviewandmeta-analy.html","0","1","1","1","1","1","1","0","1","1","1","0","0"
"596","html/Sumarwoto-2022-ProspectofStemCellsasPromi.html","0","1","1","1","1","1","1","1","1","1","0","0","1"
"597","html/Sumner-2004-Testingthevalidityofc-fosexpr.html","0","1","1","0","1","0","1","0","0","0","0","0","0"
"598","html/Sun_2019_Efficacy.html","0","1","1","1","1","1","1","0","1","1","1","0","1"
"599","html/Sun_2020_Effect.html","1","1","1","1","1","1","1","1","1","1","1","0","1"
"600","html/Suraev_2020_Cannabinoid.html","1","1","1","1","1","1","1","1","0","1","1","0","1"
"601","html/Surendrakumar_2022_Neuromodulation.html","0","1","1","1","1","1","0","1","0","0","0","0","0"
"602","html/Suresh_2022_Anthocyanin.html","1","1","1","1","1","1","1","1","0","1","1","0","1"
"603","html/Tam-2021-Effectsofmulberryonthecentralne.html","1","1","1","1","1","1","1","1","1","1","1","0","1"
"604","html/TanTanny-2022-Preexistingneuralfactorsthat.html","1","1","1","1","1","0","1","1","0","1","1","0","1"
"605","html/Tatum_2020_Efficacy.html","0","1","1","1","1","1","1","1","1","1","0","0","0"
"606","html/Tatum_2021_Evaluation.html","0","1","1","1","1","1","1","1","0","1","1","0","0"
"607","html/Telles_2021_Cortical.html","0","1","1","0","1","0","0","1","0","1","0","0","0"
"608","html/Teng_2012_Multimodal.html","0","1","1","1","1","0","0","1","0","0","1","0","0"
"609","html/Teo-2022-Combinedhypothermiaandmesenchymal.html","1","1","1","1","1","0","1","1","1","0","0","0","1"
"610","html/Tetreault-2020-TheImpactofRiluzoleonNeuro.html","0","1","1","1","1","1","1","1","0","0","1","0","1"
"611","html/Tewarie-2021-Beta-blockersandglioma_asyste.html","0","1","1","1","1","1","0","1","0","1","1","0","1"
"612","html/Thomas-2020-Therapeuticpotentialofextracell.html","1","1","1","1","1","1","1","1","1","1","1","0","1"
"613","html/Thygesen-2021-Areviewofspinalcordperfusio.html","0","1","1","1","1","1","1","1","0","1","1","1","1"
"614","html/Ticinesi-2018-Gutmicrobiota,cognitivefrailt.html","0","1","1","1","1","0","1","0","0","0","0","0","0"
"615","html/Tractenberg_2016_An.html","0","1","1","1","1","0","0","0","0","0","0","0","0"
"616","html/Trotter_2019_The.html","0","1","1","1","0","1","0","0","1","0","0","0","1"
"617","html/Tumkaya_2018_A.html","1","1","1","1","1","0","1","0","1","0","0","0","0"
"618","html/Turna-2019-CannabidiolasaNovelCandidateAl.html","1","1","1","1","1","1","1","1","0","1","1","0","1"
"619","html/Uddin-2013-HippocampalGeneExpressionMeta-An.html","0","1","1","0","1","1","1","1","1","0","1","0","0"
"620","html/Ueno-2020-Pleiotropiceffectsofexosomesasa.html","0","1","1","1","1","0","0","1","0","1","1","0","1"
"621","html/Usui-2021-Meta-analysisofvariationsuggests.html","1","1","1","1","1","0","0","1","1","1","1","0","0"
"622","html/Valido-2022-Systematicreviewofthechangesi.html","1","1","1","1","1","1","1","1","0","1","1","0","1"
"623","html/Vallejo_2022_Systematic.html","0","1","1","1","1","1","0","1","0","1","1","0","1"
"624","html/vanderKnaap-2023-ImplicationsofPost-recana.html","0","1","1","1","1","1","1","1","0","1","1","0","1"
"625","html/vanderWeijden_2021_Myelin.html","0","1","1","1","1","1","1","1","0","1","1","0","1"
"626","html/vanHoorn-2019-Asystematicreviewandnarrati.html","0","1","1","1","1","1","1","1","0","1","1","0","1"
"627","html/vanKoert_2018_Caffeine.html","0","1","1","1","1","0","0","1","0","1","0","0","1"
"628","html/vanNiel-2022-PharmacologicalProbestoValida.html","0","1","1","1","1","0","0","1","0","1","1","0","0"
"629","html/Vargas_2016_The.html","0","1","1","1","1","0","0","1","0","1","0","0","1"
"630","html/Vasconcelos-Filho_2021_Effect.html","0","1","1","1","1","1","1","1","1","1","0","0","1"
"631","html/Vasconcelos-Filho_2021_Neuroprotective.html","0","1","1","1","1","1","1","1","0","1","1","0","1"
"632","html/Vázquez-2022-EffectsofCaffeineConsumptiono.html","0","1","1","1","1","1","0","1","0","1","0","0","1"
"633","html/Vázquez-agredos-2022-MicroRNARegulationofth.html","0","1","1","1","1","1","1","1","0","0","1","0","0"
"634","html/Velayudhan-2021-Temporalpatternsofmicroglia.html","0","1","1","1","0","1","1","1","0","1","1","0","0"
"635","html/Velzen-2021-Efficacyofketamineinrelieving.html","1","1","1","1","1","1","1","1","1","1","1","0","1"
"636","html/Vester-2019-Modelingofinflictedheadinjury.html","0","1","1","1","1","0","1","1","0","1","1","0","1"
"637","html/Vesterinen-2013-Systematicreviewandstratifi.html","0","1","1","1","0","1","1","1","1","1","1","0","1"
"638","html/Vesterinen-2015-Drugrepurposing_Asystematic.html","0","1","1","1","1","1","1","1","1","0","1","0","1"
"639","html/Villafuerte-2015-Sleepdeprivationandoxidati.html","0","1","1","1","1","1","0","1","0","1","1","0","0"
"640","html/Visco_2021_A.html","1","1","1","1","1","1","1","1","0","1","1","0","1"
"641","html/Viswanatha_2017_The.html","0","1","1","1","1","1","0","0","1","0","0","0","0"
"642","html/Volpato-2013-Recentevidenceandpotentialmec.html","0","1","1","1","0","1","0","0","0","0","0","0","0"
"643","html/Volz-2012-Analgesiceffectsofnoninvasivebra.html","0","1","1","0","1","1","1","0","0","1","1","0","0"
"644","html/vonGrabowiecki_2016_Transcriptional.html","0","1","1","1","1","0","0","0","0","0","1","0","0"
"645","html/Vuka_2018_Electrical.html","0","1","1","1","0","1","1","1","0","1","1","0","1"
"646","html/Walker-2022-Associationbetweensinglemoderat.html","0","1","1","1","1","1","1","1","0","1","0","0","1"
"647","html/Wan-2020-Meta-AnalysisoftheAlzheimer'sDise.html","0","1","1","1","1","1","0","1","1","0","1","0","0"
"648","html/Wang-2015-Treatmentofacutecerebralischemia.html","0","1","1","1","1","1","1","1","1","1","1","0","0"
"649","html/Wang-2016-EffectofProbioticsonCentralNerv.html","0","1","1","1","1","1","1","1","1","0","1","0","0"
"650","html/Wang-2016-Understandingauditoryneuropathysp.html","0","1","1","1","1","1","1","0","1","1","0","0","1"
"651","html/Wang-2017-AstragalosideIVforexperimentalfo.html","0","1","1","1","1","0","1","1","1","1","1","0","1"
"652","html/Wang-2017-Neuroprotectivepropertiesofcurcum.html","0","1","1","1","1","1","1","1","0","0","1","0","1"
"653","html/Wang-2021-Ferulicacidinanimalmodelsofalz.html","0","1","1","1","1","1","1","0","1","0","1","0","0"
"654","html/Wang-2022-miRNATherapyinLaboratoryModelso.html","0","1","1","1","1","1","1","1","1","0","1","0","0"
"655","html/Wang-2022-Pharmacologicalmechanismandtherap.html","1","1","1","1","1","1","1","1","0","1","1","0","1"
"656","html/Wang_2020_Preclinical.html","0","1","1","1","1","1","1","1","1","1","1","0","1"
"657","html/Wang_2021_Glycerol.html","1","1","1","1","1","1","1","1","1","1","1","0","1"
"658","html/Wang_2022_Dental.html","0","1","1","1","1","1","0","1","1","1","1","0","1"
"659","html/Wang_2022_Tooth.html","0","1","1","1","1","1","1","0","0","0","1","0","1"
"660","html/Watzlawick-2016-OlfactoryEnsheathingCellTra.html","1","1","1","1","1","1","1","1","1","0","1","0","1"
"661","html/Weber-2022-QuantifyingtheInvertedU_AMeta-.html","1","1","1","1","1","1","0","0","0","0","1","0","1"
"662","html/Wei-2013-Asystematicreviewandmeta-analysis.html","0","1","1","1","1","1","1","0","1","1","1","0","1"
"663","html/Weir-2021-Ameta-analysisofremoteischaemic.html","1","1","1","1","1","1","1","1","1","0","1","0","1"
"664","html/West-2015-EmergingdrugtargetsforABandta.html","0","1","1","1","1","0","1","1","0","0","1","0","0"
"665","html/West-2022-Thecytokinesinterleukin-6andinte.html","0","1","1","1","0","1","1","0","0","0","1","0","0"
"666","html/Whitmore_2012_How.html","0","1","1","1","1","0","0","0","0","0","1","0","0"
"667","html/Whittaker-2021-Methodsusedandapplicationof.html","1","1","1","1","1","1","1","1","0","1","1","0","1"
"668","html/Winter_2017_Role.html","0","1","1","1","1","0","0","1","0","0","0","0","0"
"669","html/Witteveen_2014_Muscle.html","0","1","1","1","1","1","1","0","0","1","1","0","1"
"670","html/Won-2022-Intracranialpressuremonitoringinp.html","0","1","1","1","1","1","1","1","1","1","1","0","0"
"671","html/Wong-2013-Progesteronetreatmentforexperimen.html","0","1","1","1","1","1","1","0","1","1","1","0","1"
"672","html/Wong-2022-ASystematicApproachtoIdentifyNe.html","0","1","1","1","1","1","0","0","0","0","0","0","1"
"673","html/Wong_2021_The.html","1","1","1","1","1","1","1","1","1","1","1","0","0"
"674","html/Xie-2014-EffectofnicotineonL-dopa-induced.html","0","1","1","1","1","1","1","1","1","1","1","0","0"
"675","html/Xie-2022-CanWeUseGinkgobilobaExtracttoT.html","0","1","1","1","1","1","1","1","1","1","1","0","0"
"676","html/Xu-2016-Theefficacyofhyperbaricoxygenther.html","0","1","1","1","1","1","0","1","1","1","1","0","1"
"677","html/Xu-2020-ASystematicReviewofGrowthHormone.html","0","1","1","1","1","0","1","1","0","1","1","0","1"
"678","html/Xue_2022_A.html","0","1","1","1","1","1","1","1","1","1","1","0","1"
"679","html/Xue_2022_Integrated.html","1","1","1","1","1","1","1","1","1","1","1","0","1"
"680","html/Xun_2022_Mesenchymal.html","0","1","1","1","1","1","1","1","1","1","1","0","1"
"681","html/Yakovleva-2022-ExpressionProfileofmiRsinM.html","0","1","1","1","1","1","0","1","0","1","1","0","0"
"682","html/Yamada_2021_Preclinical.html","0","1","1","0","1","1","0","0","0","0","0","0","1"
"683","html/Yan_2023_The.html","1","1","1","1","1","1","1","1","1","1","1","0","1"
"684","html/Yang-2015-Schwanncellstransplantationimprov.html","0","1","1","1","1","0","1","0","0","1","0","0","0"
"685","html/Yang-2022-Optimaltherapeuticconditionsfort.html","1","1","1","1","1","1","1","1","1","1","1","0","1"
"686","html/Yang_2016_Evidence-based.html","0","1","1","1","1","1","1","1","1","1","1","0","1"
"687","html/Yang_2022_Efficacy.html","1","1","1","1","1","1","1","1","1","1","1","0","1"
"688","html/Yanwu_2020_Mesenchymal.html","0","1","1","1","1","1","1","1","1","1","1","0","1"
"689","html/Yao-2017-Treatmentsoftraumaticneuropathicp.html","0","1","1","1","1","0","0","0","0","1","1","0","0"
"690","html/Ye_2020_The.html","0","1","1","1","1","1","1","1","1","1","1","0","1"
"691","html/Ye_2022_Efficacy.html","0","1","1","1","1","1","1","1","1","1","1","0","1"
"692","html/Yi-2021-Ameta-analysisofexosomeinthetrea.html","0","1","1","1","1","1","1","1","1","1","1","0","1"
"693","html/Youn-2021-Digitalbiomarkersforneuromuscular.html","0","1","1","1","1","1","1","1","0","1","1","0","0"
"694","html/Yousefifard-2020-Efficacyofadiposederiveds.html","0","1","1","1","1","1","1","1","1","1","1","0","1"
"695","html/Yousefifard-2021-ActiveandPassiveImmunizati.html","0","1","1","1","1","1","1","1","1","1","1","0","1"
"696","html/Yousefifard-2022-ChondroitinaseABCAdministra.html","0","1","1","1","1","1","1","0","1","1","1","0","1"
"697","html/Yousefifard-2022-Combinedapplicationofneura.html","0","1","1","1","1","1","1","1","1","1","1","0","1"
"698","html/Yousefifard_2022_Growth.html","0","1","1","1","1","1","1","1","1","1","1","0","1"
"699","html/Yousefifard_2022_The.html","0","1","1","1","1","1","1","0","1","1","1","0","0"
"700","html/Yow-2021-Therapeuticpotentialofcomplementar.html","0","1","1","1","1","1","0","1","0","1","1","0","0"
"701","html/Yu_2022_Effects.html","0","1","1","1","1","0","1","1","1","0","1","0","1"
"702","html/Zain_2019_Alterations.html","0","1","1","1","1","1","1","1","1","1","1","0","1"
"703","html/Zane-2021-Short-termelevationsinglucocortic.html","1","1","1","1","1","1","1","1","1","1","1","0","0"
"704","html/Zapata-Acevedo-2022-LamininasaBiomarkerof.html","1","1","1","1","1","1","1","1","0","1","1","0","1"
"705","html/Zeng-2021-Efficacyofmelatonininanimalmode.html","0","1","1","1","1","1","1","1","1","1","1","0","1"
"706","html/Zhang-2013-IsDeqianindicatorofclinicalef.html","0","1","1","1","1","0","1","0","0","0","1","0","1"
"707","html/Zhang-2014-AMeta-analysisofthemotionfunct.html","0","1","1","1","1","1","1","1","1","0","1","0","1"
"708","html/Zhang-2018-Effectsofacupunctureonvascular.html","0","1","1","1","1","1","1","1","1","1","1","0","1"
"709","html/Zhang-2019-Dietaryfreshfishandprocessedfi.html","0","1","1","1","1","0","0","0","1","1","1","0","1"
"710","html/Zhang-2022-InhibitionofCerebralIschemia_Rep.html","1","1","1","1","1","1","1","1","1","1","0","0","1"
"711","html/Zhang-2022-Motorfunctionalrecoveryefficacy.html","0","1","1","1","0","0","1","0","1","1","1","1","0"
"712","html/Zhang-2022-Systematicreviewandmeta-analysis.html","1","1","1","1","1","1","1","1","1","1","1","0","1"
"713","html/Zhang_2019_Efficacy.html","0","1","1","1","1","1","0","1","1","1","1","0","1"
"714","html/Zhang_2020_The.html","0","1","1","1","1","1","1","1","0","1","1","0","1"
"715","html/Zhang_2021_Stem.html","0","1","1","1","1","1","1","1","1","1","1","0","1"
"716","html/Zhang_2022_Effects.html","1","1","1","1","1","0","1","1","1","1","1","0","1"
"717","html/Zhang_2022_Neurological.html","0","1","1","1","1","1","1","1","1","1","1","0","1"
"718","html/Zhang_2022_The.html","0","1","1","1","1","1","1","1","1","1","1","0","1"
"719","html/Zharichenko-2020-Theroleofpro-inflammatory.html","1","1","1","1","1","1","1","1","1","1","1","1","0"
"720","html/Zheng-2017-NeuroprotectionofCatalpolforExp.html","0","1","1","1","1","1","1","1","1","1","1","0","1"
"721","html/Zheng-2018-MesenchymalStemCellTherapyinSt.html","0","1","1","1","0","1","1","1","0","1","1","0","1"
"722","html/Zheng-2022-NeuralStem_ProgenitorCellTranspl.html","0","1","1","1","1","1","1","1","1","1","1","0","1"
"723","html/Zhou-2016-IntegratedAnalysisofExpressionPr.html","0","1","1","1","1","1","1","0","1","0","1","0","0"
"724","html/Zhou-2021-Preclinicalstudiesofmesenchymals.html","0","1","1","1","1","1","1","1","1","1","1","0","1"
"725","html/Zhou-2022-NeuroprotectiveEffectandPossible.html","0","1","1","1","1","1","1","1","1","0","1","0","1"
"726","html/Zhou-2023-Neuralstem_progenitorcelltherapy.html","0","1","1","1","1","1","1","0","1","1","1","0","1"
"727","html/Zhou_2022_The.html","0","1","1","1","1","1","1","0","1","0","1","0","1"
"728","html/Zhu_2019_Neuroprotective.html","0","1","1","1","1","1","1","1","0","0","1","0","1"
"729","html/Zhuang-2019-Mega-AnalysisofGeneExpressioni.html","0","1","1","1","1","1","0","0","1","0","0","0","0"
"730","html/Zimmer-2016-EffectsofExerciseInterventions.html","0","1","1","1","1","1","0","0","0","0","1","0","0"
"731","html/Zoerle-2012-Pharmacologicreductionofangiogr.html","0","1","1","1","1","0","1","1","1","0","1","0","1"
"732","html/Zong_2022_Repetitive.html","0","1","1","0","1","1","1","1","1","1","1","0","1"
"733","html/Zorzo_2022_Functional.html","0","1","1","1","1","1","0","1","0","1","1","0","0"
"734","html/Zulhendri-2021-CanPropolisBeaUsefulAdjuva.html","0","1","1","1","1","1","1","1","0","1","1","0","1"
